Name,Classification,Lat,Lng,Services Offered,Service Hours,Ratings,Menu,Price Range
What About Coffee? (WACO),Cafe,14.66114174,121.0729492,"Food, Outlets, Wi-Fi",Mon to Sun - 6:00 AM to 9:00 PM,4.7,"Coffee, Juices, Smoothies, Pastries, Rice Meals, Pasta, Sandwiches","1, 500"
Lunar Coffee,Cafe,14.6595891,121.0697677,"Food, Reading Area, Outlets",Mon to Sun - 9:00 AM to 9:00 PM,4.8,"Coffee, Smoothies, Pastries","1, 300"
Dunkin',Cafe,14.6597036,121.0695197,"Food, Reading Area",Mon to Sun - 8:00 AM to 9:00 PM,3.9,"Coffee, Juices, Sandwiches, Smoothies","1, 300"
Beranda Café,Cafe,14.6602976,121.0698042,"Food, Reading Area",Mon to Sun - 7:00 AM to 7:00 PM,5,"Coffee, Pastries, Rice Meals","1, 500"
UCC Park Cafe,Cafe,14.6595787,121.068993,"Food, Reading Area, Outlets",Mon to Sun - 7:00 AM to 10:00 PM,3.1,"Coffee, Juices, Smoothies, Pastries, Rice Meals, Pasta, Sandwiches","300, 700"
ZUS Coffee,Cafe,14.6595787,121.068993,"Food, Reading Area",Mon to Sun - 7:00 AM to 9:00 PM,4.1,"Coffee, Juices, Smoothies, Pastries, Sandwiches","1, 300"
DOZ Coffee Bar,Cafe,14.6596455,121.0674503,"Food, Reading Area",Mon to Sun - 7:00 AM to 9:00 PM,4.6,"Coffee, Juices","1, 100"
7 - R UP Diliman,Cafe,14.6595978,121.0675335,"Food, Reading Area, Outlets",Mon to Sun - 8:00 AM to 8:00 PM,5,"Coffee, Smoothies, Rice Meals","1, 200"
Nomu Cafe,Cafe,14.6581558,121.0670554,"Food, Reading Area, Outlets",Mon to Sun - 7:00 AM to 9:00 PM,4.8,"Coffee, Smoothies, Pastries, Pasta","100, 300"
ILO Cafe,Cafe,14.65661136,121.0687976,"Food, Reading Area, Outlets, Wi-Fi",Mon to Sun - 7:00 AM to 7:00 PM,5,"Coffee, Juices, Pastries, Rice Meals, Pasta, Sandwiches","100, 200"
IsKape,Cafe,14.6505512,121.0628886,"Food, Reading Area",Mon to Sat - 3:00 PM to 7:00 PM,4.7,"Coffee, Juices, Pastries, Pasta, Sandwiches","100, 200"
BES Coffee,Cafe,14.6478866,121.0692508,"Food, Reading Area, Outlets",Mon to Sun - 8:00 AM to 6:00 PM,5,"Coffee, Juices, Pastries, Rice Meals",200
The Library Cafe,Cafe,14.6482113,121.0683838,"Food, Reading Area, Wi-Fi",Mon to Fri - 8:00 AM to 5:00 PM,,"Coffee, Smoothies, Pastries, Pasta, Sandwiches","100, 200"
SOLHEIM LIBRARY (UP School of Archaeology),Library,14.65272803,121.0636955,"Reading Area, Computers, Outlets, Wi-Fi, Photocopy",Tue to Fri – 8:00 AM to 6:00 PM; Mon – WFH,,,
COLLEGE OF ARCHITECTURE LIBRARY,Library,14.65157111,121.0650212,"Reading Area, Computers, Outlets, Wi-Fi",Mon to Sat – 8:00 AM to 5:00 PM,,,
COLLEGE OF ARTS AND LETTERS LIBRARY (CAL Library),Library,14.65263208,121.0674219,"Reading Area, Computers, Outlets, Wi-Fi, Photocopy",Mon to Fri – 8:00 AM to 5:00 PM,,,
ASIAN CENTER LIBRARY,Library,14.6572637,121.0737143,"Reading Area, Computers, Outlets, Wi-Fi",Tue to Sat – 9:00 AM to 6:00 PM; Mon – WFH,,,
ASIAN INSTITUTE OF TOURISM LIBRARY,Library,14.66073927,121.0615582,"Reading Area, Outlets, Wi-Fi, Photocopy",Mon to Sat – 8:00 AM to 5:00 PM,,,
CESAR E.A. VIRATA SCHOOL OF BUSINESS LIBRARY (VSB Library),Library,14.65531424,121.073547,"Reading Area, Computers, Outlets, Wi-Fi",Mon – 8:00 AM to 5:00 PM; Tue to Fri – 8:00 AM to 7:00 PM,,,
SCHOOL OF ECONOMICS LIBRARY,Library,14.65625884,121.0731898,"Reading Area, Computers, Outlets, Wi-Fi",Mon to Fri – 8:00 AM to 7:00 PM,,,
COLLEGE OF EDUCATION LIBRARY,Library,14.65367495,121.0721769,"Reading Area, Computers, Outlets, Wi-Fi","Tue to Fri – 8:00 AM to 5:00 PM; Mon – WFH
",,,
COLLEGE OF ENGINEERING LIBRARY I,Library,14.65667649,121.0696987,"Reading Area, Computers, Outlets, Wi-Fi",Mon to Thu – 8:00 AM to 5:00 PM; Fri – WFH,,,
COLLEGE OF ENGINEERING LIBRARY II,Library,14.64901884,121.0686386,"Reading Area, Computers, Outlets, Wi-Fi",Mon to Thu & Sat – 8:00 AM to 5:00 PM; Fri – WFH,,,
ENGINEERING LIBRARY COMMONS,Library,14.64858028,121.0682631,"Reading Area, Computers, Outlets, Wi-Fi",Mon to Thu – 8:00 AM to 5:00 PM; Fri – WFH,,,
COLLEGE OF FINE ARTS LIBRARY (CFA LIBRARY),Library,14.65266025,121.0616527,"Reading Area, Computers, Outlets, Wi-Fi",Mon to Fri – 8:00 AM to 6:00 PM; Sat – 8:00 AM to 5:00 PM,,,
COLLEGE OF HOME ECONOMICS LIBRARY (CHE LIBRARY),Library,14.65232983,121.0730988,"Reading Area, Computers, Outlets, Wi-Fi, Photocopy",Tue to Fri – 8:00 AM to 5:00 PM; Mon – WFH,,,
COLLEGE OF HUMAN KINETICS LIBRARY (CHK LIBRARY),Library,14.65791897,121.0616584,"Reading Area, Computers, Outlets",Mon to Sat – 8:00 AM to 5:00 PM,,,
INSTITUTE OF ISLAMIC STUDIES LIBRARY (IIS LIBRARY),Library,14.65726171,121.0728894,"Reading Area, Computers, Outlets, Wi-Fi",Tue to Sat – 8:00 AM to 5:00 PM; Mon – WFH,,,
CIPRIANO CID MEMORIAL LIBRARYSCHOOL OF LABOR AND INDUSTRIAL RELATIONS (SOLAIR LIBRARY),Library,14.65716668,121.0623784,"Reading Area, Outlets, Wi-Fi, Computers",Tue to Sat – 9:00 AM to 6:00 PM; Mon – WFH,,,
COLLEGE OF LAW LIBRARY,Library,14.65722643,121.0723209,"Reading Area, Computers, Outlets, Wi-Fi, Photocopy",Mon to Fri – 8:00 AM to 9:00 PM; Sat – 8:00 AM to 7:00 PM,,,
SCHOOL OF LIBRARY AND INFORMATION STUDIES LIBRARY (SLIS Library),Library,14.64944128,121.0697304,"Reading Area, Computers, Outlets",Tue to Sat – 7:00 AM to 6:00 PM; Mon – WFH,,,
MARINE SCIENCE INSTITUTE LIBRARY (MSI Library),Library,14.65076526,121.0690972,"Reading Area, Computers, Outlets, Wi-Fi",Tue to Fri – 8:00 AM to 6:00 PM; Mon – WFH (Temp loc),,,
COLLEGE OF MEDIA AND COMMUNICATION LIBRARY (CMC Library),Library,14.65697214,121.0645009,"Reading Area, Computers, Outlets, Wi-Fi",Mon to Thu – 8:00 AM to 5:00 PM; Fri – WFH,,,
COLLEGE OF MUSIC LIBRARY,Library,14.65708495,121.0656324,"Reading Area, Computers, Outlets, Wi-Fi, Photocopy",Tue to Fri – 7:00 AM to 6:00 PM,,,
NATIONAL COLLEGE OF PUBLIC ADMINISTRATION AND GOVERNANCE LIBRARY (NCPAG Library),Library,14.65635934,121.0603009,"Reading Area, Computers, Outlets, Wi-Fi, Photocopy",Tue to Fri – 8:30 AM to 5:30 PM; Sat – 8:00 AM to 5:00 PM; Mon – WFH,,,
COLLEGE OF SCIENCE LIBRARY (CS Library),Library,14.64947242,121.0693227,"Reading Area, Computers, Outlets, Wi-Fi",Tue to Fri – 7:00 AM to 6:00 PM; Mon – WFH,,,
INSTITUTE OF BIOLOGY LIBRARY,Library,14.65077951,121.0706897,"Reading Area, Wi-Fi, Computers, Outlets, Photocopy",Mon to Fri – 8:00 AM to 5:00PM,,,
INSTITUTE OF CHEMISTRY LIBRARY,Library,14.6500815,121.0737184,"Reading Area, Wi-Fi, Outlets, Photocopy",Mon to Fri – 7:00 AM to 4:00 PM,,,
INSTITUTE OF ENVIRONMENTAL SCIENCE AND METEOROLOGY LIBRARY (IESM Library),Library,14.648244,121.0702358,"Reading Area, Wi-Fi, Outlets",MonWed & Fri – 1:00 PM to 5:00 PM; Tue & Thu – 9:00 AM to 5:00PM,,,
INSTITUTE OF MATHEMATICS LIBRARY,Library,14.64878884,121.072866,"Reading Area, Wi-Fi, Outlets, Photocopy",Mon to Fri – 8:00 AM to 5:00 PM,,,
MATERIALS SCIENCE AND ENGINEERING PROGRAM LIBRARY,Library,14.6482418,121.0680341,"Reading Area, Wi-Fi, Computers, Outlets",Tue & Thu – 1:00 PM to 5:00 PM  (temp closed),,,
NATIONAL INSTITUTE OF GEOLOGICAL SCIENCES LIBRARY (NIGS Library),Library,14.64827243,121.0694944,"Reading Area, Wi-Fi",Mon to Fri – 8:00 AM to 5:00 PM,,,
NATIONAL INSTITUTE OF MOLECULAR BIOLOGY AND BIOTECHNOLOGY LIBRARY (NIMBB Library),Library,14.65067752,121.0716842,"Reading Area, Wi-Fi, Outlets, Photocopy",Mon – 7:00 AM to 4:00 PM; Tue to Fri – 8:00 AM to 5:00PM,,,
NATIONAL INSTITUTE OF PHYSICS LIBRARY (NIP Library),Library,14.6492238,121.0735159,"Reading Area, Wi-Fi, Photocopy, Outlets",Mon to Fri – 9:00 AM to 6:00 PM,,,
NATURAL SCIENCES RESEARCH INSTITUTE LIBRARY (NSRI Library),Library,14.652291,121.069014,"Reading Area, Wi-Fi, Computers, Outlets",Mon to Wed – 8:00 AM to 5:00 PM,,,
NATIONAL INSTITUTE FOR SCIENCE AND MATHEMATICS EDUCATION DEVELOPMENT (NISMED) LIBRARY,Library,14.65186294,121.0676193,"Reading Area, Wi-Fi, Computers",Tue to Fri – 7:30 AM to 5:30 PM; Mon – WFH,,,
COLLEGE OF SOCIAL SCIENCES AND PHILOSOPHY LIBRARY (CSSP Library),Library,14.6494657,121.0659876,"Reading Area, Wi-Fi, Outlets, Photocopy",Mon to Sat – 8:00 AM to 5:00 PM,,,
CSSP READING ROOM,Library,14.65337206,121.0697187,"Reading Area, Wi-Fi, Outlets",Mon to Fri – 8:00 AM to 5:00 PM,,,
POPULATION INSTITUTE LIBRARY,Library,14.65338748,121.069104,"Reading Area, Wi-Fi, Outlets, Computers",Tue & Fri – 1:00 PM to 5:00 PM,,,
COLLEGE OF SOCIAL WORK AND COMMUNITY DEVELOPMENT LIBRARY (CSWCD Library),Library,14.65731702,121.0638165,"Reading Area, Computers, Outlets, Wi-Fi",Mon to Thu – 8:00 AM to 5:00 PM; Fri – WFH,,,
SCHOOL OF STATISTICS LIBRARY,Library,14.65128136,121.067336,"Reading Area, Computers, Outlets, Wi-Fi",Tue to Fri – 8:00 AM to 6:00 PM; Mon – WFH,,,
TECHNOLOGY MANAGEMENT CENTER LIBRARY (TMC Library),Library,14.64728504,121.0718823,"Reading Area, Computers, Outlets, Wi-Fi",Mon to Thu – 9:00 AM to 6:00 PM; Fri – WFH,,,
SCHOOL OF URBAN AND REGIONAL PLANNING LIBRARY (SURP Library),Library,14.65691822,121.0627394,"Reading Area, Computers, Outlets, Wi-Fi",Tue to Fri – 9:00 AM to 6:00 PM; Sat – 8:00 AM to 5:00 PM; Mon – WFH,,,
UP INTEGRATED SCHOOL LIBRARY (UPIS Library),Library,14.65269977,121.0735244,"Reading Area, Computers, Wi-Fi",Tue to Fri – 8:00 AM to 5:00 PM; Mon – WFH,,,
CENTER FOR ETHNOMUSICOLOGY LIBRARY,Library,14.65735933,121.0657631,"Reading Area, Wi-Fi, Outlets",Mon to Fri – 9:00 AM to 12:00 PM1:00 to 4:00 PM (WFH until further notice),,,
CENTER FOR INTEGRATIVE AND DEVELOPMENT STUDIES Library (CIDS Library),Library,14.65833721,121.067559,"Reading Area, Wi-Fi",Mon to Fri – 8:00 AM to 12:00 PM1:00 PM to 5:00 PM,,,
NAOMI “SHOKO” MATSUMOTO TECHNICAL THEATER LIBRARY AND ARCHIVE,Library,14.65381952,121.0716614,"Reading Area, Computers, Wi-Fi, Outlets, Photocopy",An appointment is required to gain access to the collection,,,
JORGE B. VARGAS MUSEUM AND FILIPINIANA RESEARCH CENTER LIBRARY AND ARCHIVES (Vargas Museum Library and Archives),Library,14.6533966,121.0677926,Wi-Fi,Tue to Sat – 9:00 AM to 12:00 PM; 1:00 PM to 4:30 PM,,,
INSTITUTE FOR SMALL-SCALE INDUSTRIES LIBRARY (ISSI Library),Library,14.65673628,121.0624232,"Reading Area, Wi-Fi, Outlets, Photocopy",Mon to Fri – 8:00 AM to 5:00 PM,,,
NATIONAL CENTER FOR TRANSPORTATION STUDIES LIBRARY (NCTS Library),Library,14.65714473,121.0702407,"Reading Area, Wi-Fi",Mon to Fri – 8:00 AM to 12:00 PM & 1:00 PM to 5:00 PM,,,
CENTER FOR WOMEN’S AND GENDER STUDIES LIBRARY (UP CWGS Library),Library,14.65734692,121.0650063,"Reading Area, Wi-Fi, Outlets",Mon to Fri – 8:30 AM to 12:00 PM & 1:00 PM to 5:00 PM,,,
VANGUARD LIBRARY,Library,14.65890954,121.0644221,"Reading Area, Wi-Fi, Outlets, Computers, Photocopy",Tue to Fri – 9:00 AM to 12:00 PM & 1:00 PM to 5:00 PM; Sat – 9:00 AM to 12:00 PM & 1:00 PM to 2:00 PM,,,
DEPARTMENT OF LINGUISTICS LIBRARY,Library,14.65377546,121.0706368,"Reading Area, Wi-Fi, Outlets",Mon to Thu – 9:00 AM to 12:00 PM & 1:00 to 4:00 PM; Fri – 9:00 AM to 12:00 PM,,,
SALIKSIKANG FILIPINO (Sentro ng Wikang Filipino Diliman),Library,14.6567561,121.0622298,"Reading Area, Wi-Fi, Outlets",Mon to Fri – 8:00 AM to 5:00 PM (Scheduled use),,,
UPFI FILM ARCHIVES & LIBRARY,Library,14.65673335,121.0679267,"Reading Area, Wi-Fi, Outlets",N/A,,,
CAL GONZALO GONZALEZ READING ROOM,Study/Reading Hall,14.65268039,121.0674128,"Reading Area, Computers, Outlets, Wi-Fi",Mon to Fri – 8:00 AM to 5:00 PM,,,
24/7 STUDY AREA (Melchor Hall) ,Study/Reading Hall,14.65641181,121.0695633,"Wi-Fi, Outlets, Reading Area",Mon to Thu – 8:00 AM to 5:00 PM; Closed on Fri & Sat,,,
CS STUDY NOOK,Study/Reading Hall,14.64947242,121.0693227,"Reading Area, Outlets, Computers, Photocopy, Wi-Fi",Mon to Sun – 24 hours,,,